{
    "MaxPain": {
        "14: 31": 16500.0,
        "14: 32": 16500.0,
        "14: 33": 16500.0,
        "14: 34": 16500.0,
        "14: 35": 16500.0,
        "14: 36": 16500.0,
        "14: 37": 16500.0,
        "14: 39": 16500.0,
        "14: 40": 16450.0,
        "14: 42": 16450.0,
        "14: 43": 16450.0,
        "14: 44": 16450.0,
        "14: 45": 16450.0,
        "14: 46": 16450.0,
        "14: 47": 16450.0,
        "14: 48": 16450.0,
        "14: 49": 16450.0,
        "14: 51": 16450.0,
        "14: 52": 16450.0,
        "14: 53": 16450.0,
        "14: 54": 16450.0,
        "14: 55": 16450.0,
        "14: 56": 16450.0,
        "14: 57": 16450.0,
        "14: 58": 16450.0,
        "15: 00": 16450.0,
        "15: 01": 16450.0,
        "15: 02": 16450.0,
        "15: 03": 16450.0,
        "15: 04": 16450.0,
        "15: 05": 16450.0,
        "15: 06": 16450.0,
        "15: 07": 16450.0,
        "15: 08": 16450.0
    },
    "call_decay": {
        "14: 31": 30.175581395348843,
        "14: 32": 30.25872093023258,
        "14: 33": 30.279651162790717,
        "14: 34": 29.49825581395347,
        "14: 35": 29.490116279069756,
        "14: 36": 29.379069767441855,
        "14: 37": 29.671511627906966,
        "14: 39": 25.565697674418637,
        "14: 40": 25.565116279069766,
        "14: 42": 27.94186046511629,
        "14: 43": 28.817441860465127,
        "14: 44": 29.174418604651148,
        "14: 45": 29.238953488372122,
        "14: 46": 29.201162790697705,
        "14: 47": 28.543023255813967,
        "14: 48": 29.22441860465116,
        "14: 49": 29.640697674418583,
        "14: 51": 28.71627906976743,
        "14: 52": 27.618604651162777,
        "14: 53": 26.84011627906978,
        "14: 54": 25.609302325581385,
        "14: 55": 25.609302325581385,
        "14: 56": 24.234883720930245,
        "14: 57": 24.4232558139535,
        "14: 58": 24.24418604651163,
        "15: 00": 24.182558139534876,
        "15: 01": 25.513953488372092,
        "15: 02": 26.04186046511627,
        "15: 03": 26.033720930232548,
        "15: 04": 25.833720930232566,
        "15: 05": 25.4761627906977,
        "15: 06": 24.831976744186044,
        "15: 07": 24.70232558139535,
        "15: 08": 25.118023255813956
    },
    "pcr": {
        "14: 31": 0.9866871083745067,
        "14: 32": 0.9864903157276173,
        "14: 33": 0.9864612269932387,
        "14: 34": 0.986270089742508,
        "14: 35": 0.9863772518701195,
        "14: 36": 0.9864759928563712,
        "14: 37": 0.9854426087323146,
        "14: 39": 0.9840115474080638,
        "14: 40": 0.9844170102022368,
        "14: 42": 0.985456009145748,
        "14: 43": 0.9847098379527411,
        "14: 44": 0.9844604010030649,
        "14: 45": 0.9836835755940099,
        "14: 46": 0.9836833454820385,
        "14: 47": 0.9826356169405135,
        "14: 48": 0.9824754388550826,
        "14: 49": 0.9824201445612475,
        "14: 51": 0.9821396679011181,
        "14: 52": 0.9822002888426794,
        "14: 53": 0.9830270920373739,
        "14: 54": 0.9845454865845459,
        "14: 55": 0.9845454865845459,
        "14: 56": 0.9853695102184002,
        "14: 57": 0.988056624722805,
        "14: 58": 0.9881523593181561,
        "15: 00": 0.9882956464442166,
        "15: 01": 0.9888026591277239,
        "15: 02": 0.9881845206388659,
        "15: 03": 0.9881649195494009,
        "15: 04": 0.9884272994727565,
        "15: 05": 0.9885842252759455,
        "15: 06": 0.9887447683030507,
        "15: 07": 0.9888296729893042,
        "15: 08": 0.9897210486688754
    },
    "put_decay": {
        "14: 31": -22.4436046511628,
        "14: 32": -22.194186046511632,
        "14: 33": -22.200000000000006,
        "14: 34": -21.812209302325588,
        "14: 35": -21.623255813953495,
        "14: 36": -21.78779069767442,
        "14: 37": -21.954651162790704,
        "14: 39": -19.238953488372093,
        "14: 40": -19.51104651162791,
        "14: 42": -21.34418604651163,
        "14: 43": -21.762209302325587,
        "14: 44": -21.65290697674419,
        "14: 45": -22.446511627906983,
        "14: 46": -22.446511627906983,
        "14: 47": -22.03081395348838,
        "14: 48": -22.45232558139535,
        "14: 49": -22.62732558139535,
        "14: 51": -22.0546511627907,
        "14: 52": -21.276162790697676,
        "14: 53": -20.95290697674419,
        "14: 54": -20.668023255813956,
        "14: 55": -20.668023255813956,
        "14: 56": -19.95290697674419,
        "14: 57": -20.076162790697676,
        "14: 58": -19.76104651162791,
        "15: 00": -19.853488372093025,
        "15: 01": -20.926744186046516,
        "15: 02": -21.308720930232553,
        "15: 03": -21.308720930232553,
        "15: 04": -20.92325581395349,
        "15: 05": -20.381395348837213,
        "15: 06": -20.078488372093023,
        "15: 07": -20.16686046511628,
        "15: 08": -20.449418604651164
    },
    "underlying": {
        "14: 31": 16520.2,
        "14: 32": 16522.65,
        "14: 33": 16522.65,
        "14: 34": 16522.65,
        "14: 35": 16515.1,
        "14: 36": 16510.8,
        "14: 37": 16510.8,
        "14: 39": 16515.25,
        "14: 40": 16496.0,
        "14: 42": 16496.0,
        "14: 43": 16515.2,
        "14: 44": 16515.2,
        "14: 45": 16513.65,
        "14: 46": 16513.65,
        "14: 47": 16516.8,
        "14: 48": 16516.8,
        "14: 49": 16514.5,
        "14: 51": 16516.75,
        "14: 52": 16516.75,
        "14: 53": 16502.7,
        "14: 54": 16502.7,
        "14: 55": 16501.5,
        "14: 56": 16501.5,
        "14: 57": 16489.0,
        "14: 58": 16497.6,
        "15: 00": 16497.6,
        "15: 01": 16497.6,
        "15: 02": 16515.1,
        "15: 03": 16515.1,
        "15: 04": 16515.1,
        "15: 05": 16507.65,
        "15: 06": 16505.25,
        "15: 07": 16505.25,
        "15: 08": 16505.25
    }
}